<metadata xml:lang="es"><Esri><CreaDate>20210928</CreaDate><CreaTime>16302400</CreaTime><ArcGISFormat>1.0</ArcGISFormat><SyncOnce>FALSE</SyncOnce><DataProperties><itemProps><itemName Sync="TRUE">VCentros_Malla_Vial_ICA</itemName><imsContentType Sync="TRUE">002</imsContentType><itemLocation><linkage Sync="TRUE">file://\\LAPTOP-NE26DI2D\C$\Users\Javier Echavez\Documents\ArcGIS\Projects\BACKUP_CONTUGAS 27-09-2021\shp\VCentros_Malla_Vial_ICA.shp</linkage><protocol Sync="TRUE">Local Area Network</protocol></itemLocation><itemSize Sync="TRUE">0.000</itemSize></itemProps><coordRef><type Sync="TRUE">Geographic</type><geogcsn Sync="TRUE">GCS_WGS_1984</geogcsn><csUnits Sync="TRUE">Angular Unit: Degree (0.017453)</csUnits><peXml Sync="TRUE">&lt;GeographicCoordinateSystem xsi:type='typens:GeographicCoordinateSystem' xmlns:xsi='http://www.w3.org/2001/XMLSchema-instance' xmlns:xs='http://www.w3.org/2001/XMLSchema' xmlns:typens='http://www.esri.com/schemas/ArcGIS/2.6.0'&gt;&lt;WKT&gt;GEOGCS[&amp;quot;GCS_WGS_1984&amp;quot;,DATUM[&amp;quot;D_WGS_1984&amp;quot;,SPHEROID[&amp;quot;WGS_1984&amp;quot;,6378137.0,298.257223563]],PRIMEM[&amp;quot;Greenwich&amp;quot;,0.0],UNIT[&amp;quot;Degree&amp;quot;,0.0174532925199433],AUTHORITY[&amp;quot;EPSG&amp;quot;,4326]]&lt;/WKT&gt;&lt;XOrigin&gt;-400&lt;/XOrigin&gt;&lt;YOrigin&gt;-400&lt;/YOrigin&gt;&lt;XYScale&gt;11258999068426.238&lt;/XYScale&gt;&lt;ZOrigin&gt;-100000&lt;/ZOrigin&gt;&lt;ZScale&gt;10000&lt;/ZScale&gt;&lt;MOrigin&gt;-100000&lt;/MOrigin&gt;&lt;MScale&gt;10000&lt;/MScale&gt;&lt;XYTolerance&gt;8.983152841195215e-09&lt;/XYTolerance&gt;&lt;ZTolerance&gt;0.001&lt;/ZTolerance&gt;&lt;MTolerance&gt;0.001&lt;/MTolerance&gt;&lt;HighPrecision&gt;true&lt;/HighPrecision&gt;&lt;LeftLongitude&gt;-180&lt;/LeftLongitude&gt;&lt;WKID&gt;4326&lt;/WKID&gt;&lt;LatestWKID&gt;4326&lt;/LatestWKID&gt;&lt;/GeographicCoordinateSystem&gt;</peXml></coordRef><lineage><Process ToolSource="c:\users\javier echavez\appdata\local\programs\arcgis\pro\Resources\ArcToolbox\toolboxes\Data Management Tools.tbx\CopyFeatures" Date="20210927" Time="134352">CopyFeatures "C:\Users\Javier Echavez\Documents\GIS\Proyecto_peru\2. QGIS Proyecto\Malla_Vial_ICA\Malla_Vial_Dividida_ICA.shp" "C:\Users\Javier Echavez\AppData\Local\Temp\ArcGISProTemp17560\4e204cc6-aebf-4800-a59f-a2e5456961b0\Default.gdb\Malla_Vial_Dividida_ICA" # # # #</Process><Process ToolSource="c:\users\javier echavez\appdata\local\programs\arcgis\pro\Resources\ArcToolbox\toolboxes\Data Management Tools.tbx\CopyFeatures" Date="20210927" Time="135628">CopyFeatures "C:\Users\Javier Echavez\Documents\ArcGIS\Projects\BACKUP_CONTUGAS 27-09-2021\Default.gdb\Malla_Vial_Dividida_ICA" "C:\Users\Javier Echavez\Documents\ArcGIS\Projects\BACKUP_CONTUGAS 27-09-2021\BACKUP_CONTUGAS_27-09-2021.gdb\Malla_Vial_Dividida_ICA" # # # #</Process><Process ToolSource="c:\users\javier echavez\appdata\local\programs\arcgis\pro\Resources\ArcToolbox\toolboxes\Analysis Tools.tbx\SpatialJoin" Date="20210927" Time="150409">SpatialJoin Malla_Vial_Dividida_ICA NOMENCLATURA_VIAL "C:\Users\Javier Echavez\Documents\ArcGIS\Projects\BACKUP_CONTUGAS 27-09-2021\BACKUP_CONTUGAS_27-09-2021.gdb\Malla_Vial_Dividida_ICA_Spat" "Join one to one" KEEP_ALL "osm_id "osm_id" true true false 10 Text 0 0,First,#,Malla_Vial_Dividida_ICA,osm_id,0,10;code "code" true true false 2 Short 0 0,First,#,Malla_Vial_Dividida_ICA,code,-1,-1;fclass "fclass" true true false 28 Text 0 0,First,#,Malla_Vial_Dividida_ICA,fclass,0,28;name "name" true true false 100 Text 0 0,First,#,Malla_Vial_Dividida_ICA,name,0,100;ref "ref" true true false 20 Text 0 0,First,#,Malla_Vial_Dividida_ICA,ref,0,20;oneway "oneway" true true false 1 Text 0 0,First,#,Malla_Vial_Dividida_ICA,oneway,0,1;maxspeed "maxspeed" true true false 2 Short 0 0,First,#,Malla_Vial_Dividida_ICA,maxspeed,-1,-1;layer "layer" true true false 8 Double 0 0,First,#,Malla_Vial_Dividida_ICA,layer,-1,-1;bridge "bridge" true true false 1 Text 0 0,First,#,Malla_Vial_Dividida_ICA,bridge,0,1;tunnel "tunnel" true true false 1 Text 0 0,First,#,Malla_Vial_Dividida_ICA,tunnel,0,1;Shape_Length "Shape_Length" false true true 8 Double 0 0,First,#,Malla_Vial_Dividida_ICA,Shape_Length,-1,-1;TEXTOVIAL "TEXTOVIAL" true true false 100 Text 0 0,First,#,NOMENCLATURA_VIAL,TEXTOVIAL,0,100;LOCALIDAD "LOCALIDAD" true true false 50 Text 0 0,First,#,NOMENCLATURA_VIAL,LOCALIDAD,0,50" "Within a distance" "10 Meters" #</Process><Process ToolSource="c:\users\javier echavez\appdata\local\programs\arcgis\pro\Resources\ArcToolbox\toolboxes\Data Management Tools.tbx\UpdateSchema" Date="20210928" Time="085346">UpdateSchema "CIMDATA=&lt;CIMStandardDataConnection xsi:type='typens:CIMStandardDataConnection' xmlns:xsi='http://www.w3.org/2001/XMLSchema-instance' xmlns:xs='http://www.w3.org/2001/XMLSchema' xmlns:typens='http://www.esri.com/schemas/ArcGIS/2.6.0'&gt;&lt;WorkspaceConnectionString&gt;DATABASE=C:\Users\Javier Echavez\Documents\ArcGIS\Projects\BACKUP_CONTUGAS 27-09-2021\BACKUP_CONTUGAS_27-09-2021.gdb&lt;/WorkspaceConnectionString&gt;&lt;WorkspaceFactory&gt;FileGDB&lt;/WorkspaceFactory&gt;&lt;Dataset&gt;Malla_Vial_Dividida_ICA_Spat&lt;/Dataset&gt;&lt;DatasetType&gt;esriDTFeatureClass&lt;/DatasetType&gt;&lt;/CIMStandardDataConnection&gt;" &lt;operationSequence&gt;&lt;workflow&gt;&lt;DeleteField&gt;&lt;field_name&gt;oneway&lt;/field_name&gt;&lt;field_name&gt;maxspeed&lt;/field_name&gt;&lt;field_name&gt;layer&lt;/field_name&gt;&lt;field_name&gt;bridge&lt;/field_name&gt;&lt;field_name&gt;tunnel&lt;/field_name&gt;&lt;/DeleteField&gt;&lt;/workflow&gt;&lt;/operationSequence&gt;</Process><Process ToolSource="c:\users\javier echavez\appdata\local\programs\arcgis\pro\Resources\ArcToolbox\toolboxes\Data Management Tools.tbx\UpdateSchema" Date="20210928" Time="085449">UpdateSchema "CIMDATA=&lt;CIMStandardDataConnection xsi:type='typens:CIMStandardDataConnection' xmlns:xsi='http://www.w3.org/2001/XMLSchema-instance' xmlns:xs='http://www.w3.org/2001/XMLSchema' xmlns:typens='http://www.esri.com/schemas/ArcGIS/2.6.0'&gt;&lt;WorkspaceConnectionString&gt;DATABASE=C:\Users\Javier Echavez\Documents\ArcGIS\Projects\BACKUP_CONTUGAS 27-09-2021\BACKUP_CONTUGAS_27-09-2021.gdb&lt;/WorkspaceConnectionString&gt;&lt;WorkspaceFactory&gt;FileGDB&lt;/WorkspaceFactory&gt;&lt;Dataset&gt;Malla_Vial_Dividida_ICA_Spat&lt;/Dataset&gt;&lt;DatasetType&gt;esriDTFeatureClass&lt;/DatasetType&gt;&lt;/CIMStandardDataConnection&gt;" &lt;operationSequence&gt;&lt;workflow&gt;&lt;DeleteField&gt;&lt;field_name&gt;Join_Count&lt;/field_name&gt;&lt;field_name&gt;TARGET_FID&lt;/field_name&gt;&lt;field_name&gt;osm_id&lt;/field_name&gt;&lt;/DeleteField&gt;&lt;/workflow&gt;&lt;/operationSequence&gt;</Process><Process ToolSource="c:\users\javier echavez\appdata\local\programs\arcgis\pro\Resources\ArcToolbox\toolboxes\Data Management Tools.tbx\UpdateSchema" Date="20210928" Time="085813">UpdateSchema "CIMDATA=&lt;CIMStandardDataConnection xsi:type='typens:CIMStandardDataConnection' xmlns:xsi='http://www.w3.org/2001/XMLSchema-instance' xmlns:xs='http://www.w3.org/2001/XMLSchema' xmlns:typens='http://www.esri.com/schemas/ArcGIS/2.6.0'&gt;&lt;WorkspaceConnectionString&gt;DATABASE=C:\Users\Javier Echavez\Documents\ArcGIS\Projects\BACKUP_CONTUGAS 27-09-2021\BACKUP_CONTUGAS_27-09-2021.gdb&lt;/WorkspaceConnectionString&gt;&lt;WorkspaceFactory&gt;FileGDB&lt;/WorkspaceFactory&gt;&lt;Dataset&gt;Malla_Vial_Dividida_ICA_Spat&lt;/Dataset&gt;&lt;DatasetType&gt;esriDTFeatureClass&lt;/DatasetType&gt;&lt;/CIMStandardDataConnection&gt;" &lt;operationSequence&gt;&lt;workflow&gt;&lt;AddField&gt;&lt;field_name&gt;CODIGOVIA&lt;/field_name&gt;&lt;field_type&gt;TEXT&lt;/field_type&gt;&lt;field_length&gt;10&lt;/field_length&gt;&lt;field_alias&gt;CODIGOVIA&lt;/field_alias&gt;&lt;field_is_nullable&gt;True&lt;/field_is_nullable&gt;&lt;field_is_required&gt;False&lt;/field_is_required&gt;&lt;/AddField&gt;&lt;/workflow&gt;&lt;workflow&gt;&lt;AddField&gt;&lt;field_name&gt;NOMBREVIA&lt;/field_name&gt;&lt;field_type&gt;TEXT&lt;/field_type&gt;&lt;field_length&gt;100&lt;/field_length&gt;&lt;field_alias&gt;NOMBREVIA&lt;/field_alias&gt;&lt;field_is_nullable&gt;True&lt;/field_is_nullable&gt;&lt;field_is_required&gt;False&lt;/field_is_required&gt;&lt;field_default_value&gt;S/N&lt;/field_default_value&gt;&lt;/AddField&gt;&lt;/workflow&gt;&lt;workflow&gt;&lt;AddField&gt;&lt;field_name&gt;TIPOVIA&lt;/field_name&gt;&lt;field_type&gt;LONG&lt;/field_type&gt;&lt;field_length&gt;10&lt;/field_length&gt;&lt;field_alias&gt;TIPOVIA&lt;/field_alias&gt;&lt;field_is_nullable&gt;True&lt;/field_is_nullable&gt;&lt;field_is_required&gt;False&lt;/field_is_required&gt;&lt;/AddField&gt;&lt;/workflow&gt;&lt;/operationSequence&gt;</Process><Process ToolSource="c:\users\javier echavez\appdata\local\programs\arcgis\pro\Resources\ArcToolbox\toolboxes\Data Management Tools.tbx\UpdateSchema" Date="20210928" Time="095305">UpdateSchema "CIMDATA=&lt;CIMStandardDataConnection xsi:type='typens:CIMStandardDataConnection' xmlns:xsi='http://www.w3.org/2001/XMLSchema-instance' xmlns:xs='http://www.w3.org/2001/XMLSchema' xmlns:typens='http://www.esri.com/schemas/ArcGIS/2.6.0'&gt;&lt;WorkspaceConnectionString&gt;DATABASE=C:\Users\Javier Echavez\Documents\ArcGIS\Projects\BACKUP_CONTUGAS 27-09-2021\BACKUP_CONTUGAS_27-09-2021.gdb&lt;/WorkspaceConnectionString&gt;&lt;WorkspaceFactory&gt;FileGDB&lt;/WorkspaceFactory&gt;&lt;Dataset&gt;Malla_Vial_Dividida_ICA_Spat&lt;/Dataset&gt;&lt;DatasetType&gt;esriDTFeatureClass&lt;/DatasetType&gt;&lt;/CIMStandardDataConnection&gt;" &lt;operationSequence&gt;&lt;workflow&gt;&lt;AddField&gt;&lt;field_name&gt;CODDISTRITO&lt;/field_name&gt;&lt;field_type&gt;DOUBLE&lt;/field_type&gt;&lt;field_alias&gt;CODDISTRITO&lt;/field_alias&gt;&lt;field_is_nullable&gt;True&lt;/field_is_nullable&gt;&lt;field_is_required&gt;False&lt;/field_is_required&gt;&lt;/AddField&gt;&lt;/workflow&gt;&lt;/operationSequence&gt;</Process><Process ToolSource="c:\users\javier echavez\appdata\local\programs\arcgis\pro\Resources\ArcToolbox\toolboxes\Data Management Tools.tbx\UpdateSchema" Date="20210928" Time="095349">UpdateSchema "CIMDATA=&lt;CIMStandardDataConnection xsi:type='typens:CIMStandardDataConnection' xmlns:xsi='http://www.w3.org/2001/XMLSchema-instance' xmlns:xs='http://www.w3.org/2001/XMLSchema' xmlns:typens='http://www.esri.com/schemas/ArcGIS/2.6.0'&gt;&lt;WorkspaceConnectionString&gt;DATABASE=C:\Users\Javier Echavez\Documents\ArcGIS\Projects\BACKUP_CONTUGAS 27-09-2021\BACKUP_CONTUGAS_27-09-2021.gdb&lt;/WorkspaceConnectionString&gt;&lt;WorkspaceFactory&gt;FileGDB&lt;/WorkspaceFactory&gt;&lt;Dataset&gt;Malla_Vial_Dividida_ICA_Spat&lt;/Dataset&gt;&lt;DatasetType&gt;esriDTFeatureClass&lt;/DatasetType&gt;&lt;/CIMStandardDataConnection&gt;" &lt;operationSequence&gt;&lt;workflow&gt;&lt;DeleteField&gt;&lt;field_name&gt;CODDISTRITO&lt;/field_name&gt;&lt;/DeleteField&gt;&lt;/workflow&gt;&lt;/operationSequence&gt;</Process><Process ToolSource="c:\users\javier echavez\appdata\local\programs\arcgis\pro\Resources\ArcToolbox\toolboxes\Data Management Tools.tbx\UpdateSchema" Date="20210928" Time="095459">UpdateSchema "CIMDATA=&lt;CIMStandardDataConnection xsi:type='typens:CIMStandardDataConnection' xmlns:xsi='http://www.w3.org/2001/XMLSchema-instance' xmlns:xs='http://www.w3.org/2001/XMLSchema' xmlns:typens='http://www.esri.com/schemas/ArcGIS/2.6.0'&gt;&lt;WorkspaceConnectionString&gt;DATABASE=C:\Users\Javier Echavez\Documents\ArcGIS\Projects\BACKUP_CONTUGAS 27-09-2021\BACKUP_CONTUGAS_27-09-2021.gdb&lt;/WorkspaceConnectionString&gt;&lt;WorkspaceFactory&gt;FileGDB&lt;/WorkspaceFactory&gt;&lt;Dataset&gt;Malla_Vial_Dividida_ICA_Spat&lt;/Dataset&gt;&lt;DatasetType&gt;esriDTFeatureClass&lt;/DatasetType&gt;&lt;/CIMStandardDataConnection&gt;" &lt;operationSequence&gt;&lt;workflow&gt;&lt;AddField&gt;&lt;field_name&gt;UBIGEODERECHA&lt;/field_name&gt;&lt;field_type&gt;TEXT&lt;/field_type&gt;&lt;field_length&gt;6&lt;/field_length&gt;&lt;field_alias&gt;UBIGEODERECHA&lt;/field_alias&gt;&lt;field_is_nullable&gt;True&lt;/field_is_nullable&gt;&lt;field_is_required&gt;False&lt;/field_is_required&gt;&lt;/AddField&gt;&lt;/workflow&gt;&lt;workflow&gt;&lt;AddField&gt;&lt;field_name&gt;UBIGEOIZQUIERDA&lt;/field_name&gt;&lt;field_type&gt;TEXT&lt;/field_type&gt;&lt;field_length&gt;6&lt;/field_length&gt;&lt;field_alias&gt;UBIGEOIZQUIERDA&lt;/field_alias&gt;&lt;field_is_nullable&gt;True&lt;/field_is_nullable&gt;&lt;field_is_required&gt;False&lt;/field_is_required&gt;&lt;/AddField&gt;&lt;/workflow&gt;&lt;/operationSequence&gt;</Process><Process ToolSource="c:\users\javier echavez\appdata\local\programs\arcgis\pro\Resources\ArcToolbox\toolboxes\Data Management Tools.tbx\CopyMultiple" Date="20210928" Time="163025">CopyMultiple "'C:\Users\Javier Echavez\Documents\ArcGIS\Projects\BACKUP_CONTUGAS 27-09-2021\BACKUP_CONTUGAS_27-09-2021.gdb\Malla_Vial_ICA_UBIGEO_Spatia' FeatureClass;'C:\Users\Javier Echavez\Documents\ArcGIS\Projects\BACKUP_CONTUGAS 27-09-2021\BACKUP_CONTUGAS_27-09-2021.gdb\Malla_Vial_Dividida_ICA_Spat' FeatureClass;'C:\Users\Javier Echavez\Documents\ArcGIS\Projects\BACKUP_CONTUGAS 27-09-2021\BACKUP_CONTUGAS_27-09-2021.gdb\RV_Primaria_ICA' FeatureClass;'C:\Users\Javier Echavez\Documents\ArcGIS\Projects\BACKUP_CONTUGAS 27-09-2021\BACKUP_CONTUGAS_27-09-2021.gdb\RV_Primaria_ICA_SpatialJoin' FeatureClass" "C:\Users\Javier Echavez\Documents\ArcGIS\Projects\BACKUP_CONTUGAS 27-09-2021\pruebas.gdb" Malla_Vial_ICA_UBIGEO_Spatia;Malla_Vial_Dividida_ICA_Spat;RV_Primaria_ICA;RV_Primaria_ICA_SpatialJoin "Malla_Vial_ICA_UBIGEO_Spatia FeatureClass Malla_Vial_ICA_UBIGEO_Spatia #;Malla_Vial_Dividida_ICA_Spat FeatureClass Malla_Vial_Dividida_ICA_Spat #;RV_Primaria_ICA FeatureClass RV_Primaria_ICA #;RV_Primaria_ICA_SpatialJoin FeatureClass RV_Primaria_ICA_SpatialJoin #"</Process><Process ToolSource="c:\users\javier echavez\appdata\local\programs\arcgis\pro\Resources\ArcToolbox\toolboxes\Analysis Tools.tbx\SpatialJoin" Date="20210929" Time="083721">SpatialJoin Malla_Vial_Dividida_ICA_Spat Red_Vial_ICA_Spat "C:\Users\Javier Echavez\Documents\ArcGIS\Projects\BACKUP_CONTUGAS 27-09-2021\BACKUP_CONTUGAS_27-09-2021.gdb\Red_Vial_ICA_Spat1" "Join one to one" KEEP_ALL "code "code" true true false 2 Short 0 0,First,#,Malla_Vial_Dividida_ICA_Spat,code,-1,-1;fclass "fclass" true true false 28 Text 0 0,First,#,Malla_Vial_Dividida_ICA_Spat,fclass,0,28;name "name" true true false 100 Text 0 0,First,#,Malla_Vial_Dividida_ICA_Spat,name,0,100;ref "ref" true true false 20 Text 0 0,First,#,Malla_Vial_Dividida_ICA_Spat,ref,0,20;TEXTOVIAL "TEXTOVIAL" true true false 100 Text 0 0,First,#,Malla_Vial_Dividida_ICA_Spat,TEXTOVIAL,0,100;LOCALIDAD "LOCALIDAD" true true false 50 Text 0 0,First,#,Malla_Vial_Dividida_ICA_Spat,LOCALIDAD,0,50;CODIGOVIA "CODIGOVIA" true true false 10 Text 0 0,First,#,Malla_Vial_Dividida_ICA_Spat,CODIGOVIA,0,10;NOMBREVIA "NOMBREVIA" true true false 100 Text 0 0,First,#,Malla_Vial_Dividida_ICA_Spat,NOMBREVIA,0,100;TIPOVIA "TIPOVIA" true true false 4 Long 0 0,First,#,Malla_Vial_Dividida_ICA_Spat,TIPOVIA,-1,-1;UBIGEODERECHA "UBIGEODERECHA" true true false 6 Text 0 0,First,#,Malla_Vial_Dividida_ICA_Spat,UBIGEODERECHA,0,6;UBIGEOIZQUIERDA "UBIGEOIZQUIERDA" true true false 6 Text 0 0,First,#,Malla_Vial_Dividida_ICA_Spat,UBIGEOIZQUIERDA,0,6;Shape_Length "Shape_Length" false true true 8 Double 0 0,First,#,Malla_Vial_Dividida_ICA_Spat,Shape_Length,-1,-1;cCodRuta "cCodRuta" true true false 254 Text 0 0,First,#,Red_Vial_ICA_Spat,cCodRuta,0,254" "Are identical to" # #</Process><Process ToolSource="c:\users\javier echavez\appdata\local\programs\arcgis\pro\Resources\ArcToolbox\toolboxes\Analysis Tools.tbx\Intersect" Date="20210929" Time="085840">Intersect "Red_Vial_ICA_Spat1 #;DISTRITOSICA #" "C:\Users\Javier Echavez\Documents\ArcGIS\Projects\BACKUP_CONTUGAS 27-09-2021\BACKUP_CONTUGAS_27-09-2021.gdb\Red_Vial_ICA_Spat1_Intersect" "All attributes" # "Same as input"</Process><Process ToolSource="c:\users\javier echavez\appdata\local\programs\arcgis\pro\Resources\ArcToolbox\toolboxes\Analysis Tools.tbx\SpatialJoin" Date="20210929" Time="091049">SpatialJoin Red_Vial_ICA_Spat1_Intersect DISTRITOSICA "C:\Users\Javier Echavez\Documents\ArcGIS\Projects\BACKUP_CONTUGAS 27-09-2021\BACKUP_CONTUGAS_27-09-2021.gdb\Red_Vial_ICA_Spat1_Intersect1" "Join one to one" KEEP_ALL "FID_Red_Vial_ICA_Spat1 "FID_Red_Vial_ICA_Spat1" true true false 4 Long 0 0,First,#,Red_Vial_ICA_Spat1_Intersect,FID_Red_Vial_ICA_Spat1,-1,-1;Join_Count "Join_Count" true true false 4 Long 0 0,First,#,Red_Vial_ICA_Spat1_Intersect,Join_Count,-1,-1;TARGET_FID "TARGET_FID" true true false 4 Long 0 0,First,#,Red_Vial_ICA_Spat1_Intersect,TARGET_FID,-1,-1;code "code" true true false 2 Short 0 0,First,#,Red_Vial_ICA_Spat1_Intersect,code,-1,-1;fclass "fclass" true true false 28 Text 0 0,First,#,Red_Vial_ICA_Spat1_Intersect,fclass,0,28;name "name" true true false 100 Text 0 0,First,#,Red_Vial_ICA_Spat1_Intersect,name,0,100;ref "ref" true true false 20 Text 0 0,First,#,Red_Vial_ICA_Spat1_Intersect,ref,0,20;cCodRuta "cCodRuta" true true false 254 Text 0 0,First,#,Red_Vial_ICA_Spat1_Intersect,cCodRuta,0,254;TEXTOVIAL "TEXTOVIAL" true true false 100 Text 0 0,First,#,Red_Vial_ICA_Spat1_Intersect,TEXTOVIAL,0,100;LOCALIDAD "LOCALIDAD" true true false 50 Text 0 0,First,#,Red_Vial_ICA_Spat1_Intersect,LOCALIDAD,0,50;CODIGOVIA "CODIGOVIA" true true false 10 Text 0 0,First,#,Red_Vial_ICA_Spat1_Intersect,CODIGOVIA,0,10;NOMBREVIA "NOMBREVIA" true true false 100 Text 0 0,First,#,Red_Vial_ICA_Spat1_Intersect,NOMBREVIA,0,100;TIPOVIA "TIPOVIA" true true false 4 Long 0 0,First,#,Red_Vial_ICA_Spat1_Intersect,TIPOVIA,-1,-1;UBIGEODERECHA "UBIGEODERECHA" true true false 6 Text 0 0,First,#,Red_Vial_ICA_Spat1_Intersect,UBIGEODERECHA,0,6;UBIGEOIZQUIERDA "UBIGEOIZQUIERDA" true true false 6 Text 0 0,First,#,Red_Vial_ICA_Spat1_Intersect,UBIGEOIZQUIERDA,0,6;UBIGEO "UBIGEO" true true false 255 Text 0 0,First,#,Red_Vial_ICA_Spat1_Intersect,ubigeo,0,255;nombdist "nombdist" true true false 255 Text 0 0,First,#,Red_Vial_ICA_Spat1_Intersect,nombdist,0,255;nombprov "nombprov" true true false 255 Text 0 0,First,#,Red_Vial_ICA_Spat1_Intersect,nombprov,0,255;nombdep "nombdep" true true false 255 Text 0 0,First,#,Red_Vial_ICA_Spat1_Intersect,nombdep,0,255" Intersect # #</Process><Process ToolSource="c:\users\javier echavez\appdata\local\programs\arcgis\pro\Resources\ArcToolbox\toolboxes\Data Management Tools.tbx\DeleteField" Date="20210929" Time="091122">DeleteField Red_Vial_ICA_Spat1_Intersect1 Join_Count;TARGET_FID;FID_Red_Vial_ICA_Spat1;Join_Count_1;TARGET_FID_1</Process><Process ToolSource="c:\users\javier echavez\appdata\local\programs\arcgis\pro\Resources\ArcToolbox\toolboxes\Data Management Tools.tbx\Rename" Date="20210929" Time="091958">Rename "C:\Users\Javier Echavez\Documents\ArcGIS\Projects\BACKUP_CONTUGAS 27-09-2021\BACKUP_CONTUGAS_27-09-2021.gdb\Red_Vial_ICA_Spat1_Intersect1" "C:\Users\Javier Echavez\Documents\ArcGIS\Projects\BACKUP_CONTUGAS 27-09-2021\BACKUP_CONTUGAS_27-09-2021.gdb\Red_Vial_ICA" FeatureClass</Process><Process ToolSource="c:\users\javier echavez\appdata\local\programs\arcgis\pro\Resources\ArcToolbox\toolboxes\Data Management Tools.tbx\DeleteField" Date="20210929" Time="092152">DeleteField Red_Vial_ICA LOCALIDAD</Process><Process ToolSource="c:\users\javier echavez\appdata\local\programs\arcgis\pro\Resources\ArcToolbox\toolboxes\Data Management Tools.tbx\UpdateSchema" Date="20210929" Time="092651">UpdateSchema "CIMDATA=&lt;CIMStandardDataConnection xsi:type='typens:CIMStandardDataConnection' xmlns:xsi='http://www.w3.org/2001/XMLSchema-instance' xmlns:xs='http://www.w3.org/2001/XMLSchema' xmlns:typens='http://www.esri.com/schemas/ArcGIS/2.6.0'&gt;&lt;WorkspaceConnectionString&gt;DATABASE=C:\Users\Javier Echavez\Documents\ArcGIS\Projects\BACKUP_CONTUGAS 27-09-2021\BACKUP_CONTUGAS_27-09-2021.gdb&lt;/WorkspaceConnectionString&gt;&lt;WorkspaceFactory&gt;FileGDB&lt;/WorkspaceFactory&gt;&lt;Dataset&gt;Red_Vial_ICA&lt;/Dataset&gt;&lt;DatasetType&gt;esriDTFeatureClass&lt;/DatasetType&gt;&lt;/CIMStandardDataConnection&gt;" &lt;operationSequence&gt;&lt;workflow&gt;&lt;AddField&gt;&lt;field_name&gt;ClaseVia&lt;/field_name&gt;&lt;field_type&gt;TEXT&lt;/field_type&gt;&lt;field_length&gt;100&lt;/field_length&gt;&lt;field_alias&gt;ClaseVia&lt;/field_alias&gt;&lt;field_is_nullable&gt;True&lt;/field_is_nullable&gt;&lt;field_is_required&gt;False&lt;/field_is_required&gt;&lt;/AddField&gt;&lt;/workflow&gt;&lt;/operationSequence&gt;</Process><Process ToolSource="c:\users\javier echavez\appdata\local\programs\arcgis\pro\Resources\ArcToolbox\toolboxes\Data Management Tools.tbx\CalculateField" Date="20210929" Time="092743">CalculateField Red_Vial_ICA ClaseVia "Primaria" "Python 3" # Text</Process><Process ToolSource="c:\users\javier echavez\appdata\local\programs\arcgis\pro\Resources\ArcToolbox\toolboxes\Data Management Tools.tbx\CalculateField" Date="20210929" Time="093015">CalculateField Red_Vial_ICA ClaseVia "Secundaria" "Python 3" # Text</Process><Process ToolSource="c:\users\javier echavez\appdata\local\programs\arcgis\pro\Resources\ArcToolbox\toolboxes\Data Management Tools.tbx\CalculateField" Date="20210929" Time="093201">CalculateField Red_Vial_ICA ClaseVia "Terciaria" "Python 3" # Text</Process><Process ToolSource="c:\users\javier echavez\appdata\local\programs\arcgis\pro\Resources\ArcToolbox\toolboxes\Data Management Tools.tbx\CalculateField" Date="20210929" Time="093254">CalculateField Red_Vial_ICA ClaseVia "Secundaria" "Python 3" # Text</Process><Process ToolSource="c:\users\javier echavez\appdata\local\programs\arcgis\pro\Resources\ArcToolbox\toolboxes\Data Management Tools.tbx\CalculateField" Date="20210929" Time="111116">CalculateField Red_Vial_ICA cCodRuta "PE-1SG" "Python 3" # Text</Process><Process ToolSource="c:\users\javier echavez\appdata\local\programs\arcgis\pro\Resources\ArcToolbox\toolboxes\Analysis Tools.tbx\SpatialJoin" Date="20210930" Time="083823">SpatialJoin Red_Vial_ICA ICA_CALLES "C:\Users\Javier Echavez\Documents\ArcGIS\Projects\BACKUP_CONTUGAS 27-09-2021\BACKUP_CONTUGAS_27-09-2021.gdb\Red_Vial_ICA_SpatialJoin" "Join one to one" KEEP_ALL "code "code" true true false 2 Short 0 0,First,#,Red_Vial_ICA,code,-1,-1;fclass "fclass" true true false 28 Text 0 0,First,#,Red_Vial_ICA,fclass,0,28;name "name" true true false 100 Text 0 0,First,#,Red_Vial_ICA,name,0,100;ref "ref" true true false 20 Text 0 0,First,#,Red_Vial_ICA,ref,0,20;cCodRuta "cCodRuta" true true false 254 Text 0 0,First,#,Red_Vial_ICA,cCodRuta,0,254;TEXTOVIAL "TEXTOVIAL" true true false 100 Text 0 0,First,#,Red_Vial_ICA,TEXTOVIAL,0,100;CODIGOVIA "CODIGOVIA" true true false 10 Text 0 0,First,#,Red_Vial_ICA,CODIGOVIA,0,10;NOMBREVIA "NOMBREVIA" true true false 100 Text 0 0,First,#,Red_Vial_ICA,NOMBREVIA,0,100;TIPOVIA "TIPOVIA" true true false 4 Long 0 0,First,#,Red_Vial_ICA,TIPOVIA,-1,-1;UBIGEODERECHA "UBIGEODERECHA" true true false 6 Text 0 0,First,#,Red_Vial_ICA,UBIGEODERECHA,0,6;UBIGEOIZQUIERDA "UBIGEOIZQUIERDA" true true false 6 Text 0 0,First,#,Red_Vial_ICA,UBIGEOIZQUIERDA,0,6;UBIGEO "UBIGEO" true true false 255 Text 0 0,First,#,Red_Vial_ICA,UBIGEO,0,255;nombdist "nombdist" true true false 255 Text 0 0,First,#,Red_Vial_ICA,nombdist,0,255;nombprov "nombprov" true true false 255 Text 0 0,First,#,Red_Vial_ICA,nombprov,0,255;nombdep "nombdep" true true false 255 Text 0 0,First,#,Red_Vial_ICA,nombdep,0,255;Shape_Length "Shape_Length" false true true 8 Double 0 0,First,#,Red_Vial_ICA,Shape_Length,-1,-1;NOM_VIA_C "NOM_VIA_C" true true false 50 Text 0 0,First,#,ICA_CALLES,NOM_VIA_C,0,50;NOM_ALT_C "NOM_ALT_C" true true false 50 Text 0 0,First,#,ICA_CALLES,NOM_ALT_C,0,50" "Have their center in" "12 Meters" #</Process><Process ToolSource="c:\users\javier echavez\appdata\local\programs\arcgis\pro\Resources\ArcToolbox\toolboxes\Data Management Tools.tbx\CalculateField" Date="20210930" Time="091222">CalculateField Red_Vial_ICA_SpatialJoin NOMBRETENTATIVO roadName(!name!, !TEXTOVIAL!, !NOM_VIA_C!) "Python 3" "def roadName(name, textoVial, nom_via_c):
    if (name != " "):
        return name
    elif (textoVial != None):
        return textoVial.title()
    elif (nom_via_c != None):
        return nom_via_c.title()
    else:
        return "S/N"" Text</Process><Process ToolSource="c:\users\javier echavez\appdata\local\programs\arcgis\pro\Resources\ArcToolbox\toolboxes\Data Management Tools.tbx\CalculateField" Date="20210930" Time="091306">CalculateField Red_Vial_ICA_SpatialJoin NOMBRETENTATIVO roadName(!name!, !TEXTOVIAL!, !NOM_VIA_C!) "Python 3" "def roadName(name, textoVial, nom_via_c):
    if (name != " "):
        return name
    elif (textoVial != None):
        return textoVial.title()
    elif (nom_via_c != None):
        return nom_via_c.title()
    else:
        return None" Text</Process><Process ToolSource="c:\users\javier echavez\appdata\local\programs\arcgis\pro\Resources\ArcToolbox\toolboxes\Data Management Tools.tbx\CalculateField" Date="20210930" Time="092054">CalculateField Red_Vial_ICA_SpatialJoin NOMBRETENTATIVO roadName(!name!, !TEXTOVIAL!, !NOM_VIA_C!) "Python 3" "def roadName(name, textoVial, nom_via_c):
    if (name != " "):
        return name.upper()
    elif (textoVial != None):
        return textoVial.upper()
    elif (nom_via_c != None):
        return nom_via_c.upper()
    else:
        return None" Text</Process><Process ToolSource="c:\users\javier echavez\appdata\local\programs\arcgis\pro\Resources\ArcToolbox\toolboxes\Data Management Tools.tbx\CalculateField" Date="20210930" Time="092219">CalculateField Red_Vial_ICA_SpatialJoin NOMBRETENTATIVO roadName(!name!, !TEXTOVIAL!, !NOM_VIA_C!) "Python 3" "def roadName(name, textoVial, nom_via_c):
    if (name != " "):
        return name.upper()
    elif (textoVial != None):
        return textoVial.upper()
    elif (nom_via_c != None):
        return nom_via_c.upper()
    else:
        return None" Text</Process><Process ToolSource="c:\users\javier echavez\appdata\local\programs\arcgis\pro\Resources\ArcToolbox\toolboxes\Data Management Tools.tbx\CalculateField" Date="20210930" Time="092322">CalculateField Red_Vial_ICA_SpatialJoin NOMBRETENTATIVO roadName(!name!, !TEXTOVIAL!, !NOM_VIA_C!) "Python 3" "def roadName(name, textoVial, nom_via_c):
    if (name != " "):
        return name.upper()
    elif (textoVial != None):
        return textoVial.upper()
    elif (nom_via_c != None):
        return nom_via_upper()
    else:
        return None" Text</Process><Process ToolSource="c:\users\javier echavez\appdata\local\programs\arcgis\pro\Resources\ArcToolbox\toolboxes\Data Management Tools.tbx\CalculateField" Date="20210930" Time="092409">CalculateField Red_Vial_ICA_SpatialJoin NOMBRETENTATIVO roadName(!name!, !TEXTOVIAL!, !NOM_VIA_C!) "Python 3" "def roadName(name, textoVial, nom_via_c):
    if (name != " "):
        return name.upper()
    elif (textoVial != None):
        return textoVial.upper()
    elif (nom_via_c != None):
        return nom_via_upper()
    else:
        return None" Text</Process><Process ToolSource="c:\users\javier echavez\appdata\local\programs\arcgis\pro\Resources\ArcToolbox\toolboxes\Data Management Tools.tbx\CalculateField" Date="20210930" Time="092554">CalculateField Red_Vial_ICA_SpatialJoin NOMBRETENTATIVO roadName(!name!, !TEXTOVIAL!, !NOM_VIA_C!) "Python 3" "def roadName(name, textoVial, nom_via_c):
    if (name != " "):
        return name.upper()
    elif (textoVial != None):
        return textoVial.upper()
    elif (nom_via_c != None):
        return nom_via_upper()
    else:
        return None" Text</Process><Process ToolSource="c:\users\javier echavez\appdata\local\programs\arcgis\pro\Resources\ArcToolbox\toolboxes\Data Management Tools.tbx\CalculateField" Date="20210930" Time="092624">CalculateField Red_Vial_ICA_SpatialJoin NOMBRETENTATIVO !NOMBRETENTATIVO!.upper() "Python 3" # Text</Process><Process ToolSource="c:\users\javier echavez\appdata\local\programs\arcgis\pro\Resources\ArcToolbox\toolboxes\Data Management Tools.tbx\CalculateField" Date="20210930" Time="092641">CalculateField Red_Vial_ICA_SpatialJoin NOMBRETENTATIVO !NOMBRETENTATIVO!.capitalize() "Python 3" # Text</Process><Process ToolSource="c:\users\javier echavez\appdata\local\programs\arcgis\pro\Resources\ArcToolbox\toolboxes\Data Management Tools.tbx\CalculateField" Date="20210930" Time="092758">CalculateField Red_Vial_ICA_SpatialJoin NOMBRETENTATIVO roadName(!name!, !TEXTOVIAL!, !NOM_VIA_C!) "Python 3" "def roadName(name, textoVial, nom_via_c):
    if (name != " "):
        return name.upper()
    elif (textoVial != None):
        return textoVial.upper()
    elif (nom_via_c != None):
        return nom_via_upper()
    else:
        return None" Text</Process><Process ToolSource="c:\users\javier echavez\appdata\local\programs\arcgis\pro\Resources\ArcToolbox\toolboxes\Data Management Tools.tbx\CalculateField" Date="20210930" Time="092929">CalculateField Red_Vial_ICA_SpatialJoin NOMBRETENTATIVO roadName(!name!, !TEXTOVIAL!, !NOM_VIA_C!) "Python 3" "def roadName(name, textoVial, nom_via_c):
    if (name != " "):
        return name.upper()
    elif (textoVial != None):
        return textoVial.upper()
    elif (nom_via_c != None):
        return nom_via_c.upper()
    else:
        return None" Text</Process><Process ToolSource="c:\users\javier echavez\appdata\local\programs\arcgis\pro\Resources\ArcToolbox\toolboxes\Conversion Tools.tbx\FeatureClassToFeatureClass" Date="20211007" Time="121443">FeatureClassToFeatureClass Red_Vial_ICA_SpatialJoin "C:\Users\Javier Echavez\Documents\ArcGIS\Projects\BACKUP_CONTUGAS 27-09-2021\BACKUP_CONTUGAS_27-09-2021.gdb" ViasCentro_Malla_Vial_ICA # "code "code" true true false 2 Short 0 0,First,#,Red_Vial_ICA_SpatialJoin,code,-1,-1;fclass "fclass" true true false 28 Text 0 0,First,#,Red_Vial_ICA_SpatialJoin,fclass,0,28;name "name" true true false 100 Text 0 0,First,#,Red_Vial_ICA_SpatialJoin,name,0,100;ref "ref" true true false 20 Text 0 0,First,#,Red_Vial_ICA_SpatialJoin,ref,0,20;cCodRuta "cCodRuta" true true false 254 Text 0 0,First,#,Red_Vial_ICA_SpatialJoin,cCodRuta,0,254;TEXTOVIAL "TEXTOVIAL" true true false 100 Text 0 0,First,#,Red_Vial_ICA_SpatialJoin,TEXTOVIAL,0,100;CODIGOVIA "CODIGOVIA" true true false 10 Text 0 0,First,#,Red_Vial_ICA_SpatialJoin,CODIGOVIA,0,10;NOMBREVIA "NOMBREVIA" true true false 100 Text 0 0,First,#,Red_Vial_ICA_SpatialJoin,NOMBREVIA,0,100;TIPOVIA "TIPOVIA" true true false 4 Long 0 0,First,#,Red_Vial_ICA_SpatialJoin,TIPOVIA,-1,-1;UBIGEODERECHA "UBIGEODERECHA" true true false 6 Text 0 0,First,#,Red_Vial_ICA_SpatialJoin,UBIGEODERECHA,0,6;UBIGEOIZQUIERDA "UBIGEOIZQUIERDA" true true false 6 Text 0 0,First,#,Red_Vial_ICA_SpatialJoin,UBIGEOIZQUIERDA,0,6;UBIGEO "UBIGEO" true true false 255 Text 0 0,First,#,Red_Vial_ICA_SpatialJoin,UBIGEO,0,255;nombdist "nombdist" true true false 255 Text 0 0,First,#,Red_Vial_ICA_SpatialJoin,nombdist,0,255;nombprov "nombprov" true true false 255 Text 0 0,First,#,Red_Vial_ICA_SpatialJoin,nombprov,0,255;nombdep "nombdep" true true false 255 Text 0 0,First,#,Red_Vial_ICA_SpatialJoin,nombdep,0,255;NOM_VIA_C "NOM_VIA_C" true true false 50 Text 0 0,First,#,Red_Vial_ICA_SpatialJoin,NOM_VIA_C,0,50;NOM_ALT_C "NOM_ALT_C" true true false 50 Text 0 0,First,#,Red_Vial_ICA_SpatialJoin,NOM_ALT_C,0,50;Shape_Length "Shape_Length" false true true 8 Double 0 0,First,#,Red_Vial_ICA_SpatialJoin,Shape_Length,-1,-1;NOMBRETENTATIVO "NOMBRETENTATIVO" true true false 512 Text 0 0,First,#,Red_Vial_ICA_SpatialJoin,NOMBRETENTATIVO,0,512" #</Process><Process ToolSource="c:\users\javier echavez\appdata\local\programs\arcgis\pro\Resources\ArcToolbox\toolboxes\Analysis Tools.tbx\SpatialJoin" Date="20211007" Time="121649">SpatialJoin ViasCentro_Malla_Vial_ICA Vias_Centros_ICA_SpatialJoin "C:\Users\Javier Echavez\Documents\ArcGIS\Projects\BACKUP_CONTUGAS 27-09-2021\BACKUP_CONTUGAS_27-09-2021.gdb\ViasCentro_Malla_Vial_ICA_1" "Join one to one" KEEP_ALL "code "code" true true false 2 Short 0 0,First,#,ViasCentro_Malla_Vial_ICA,code,-1,-1;fclass "fclass" true true false 28 Text 0 0,First,#,ViasCentro_Malla_Vial_ICA,fclass,0,28;name "name" true true false 100 Text 0 0,First,#,ViasCentro_Malla_Vial_ICA,name,0,100;ref "ref" true true false 20 Text 0 0,First,#,ViasCentro_Malla_Vial_ICA,ref,0,20;cCodRuta "cCodRuta" true true false 254 Text 0 0,First,#,ViasCentro_Malla_Vial_ICA,cCodRuta,0,254;TEXTOVIAL "TEXTOVIAL" true true false 100 Text 0 0,First,#,ViasCentro_Malla_Vial_ICA,TEXTOVIAL,0,100;CODIGOVIA "CODIGOVIA" true true false 10 Text 0 0,First,#,ViasCentro_Malla_Vial_ICA,CODIGOVIA,0,10;NOMBREVIA "NOMBREVIA" true true false 100 Text 0 0,First,#,ViasCentro_Malla_Vial_ICA,NOMBREVIA,0,100;TIPOVIA "TIPOVIA" true true false 4 Long 0 0,First,#,ViasCentro_Malla_Vial_ICA,TIPOVIA,-1,-1;UBIGEODERECHA "UBIGEODERECHA" true true false 6 Text 0 0,First,#,ViasCentro_Malla_Vial_ICA,UBIGEODERECHA,0,6;UBIGEOIZQUIERDA "UBIGEOIZQUIERDA" true true false 6 Text 0 0,First,#,ViasCentro_Malla_Vial_ICA,UBIGEOIZQUIERDA,0,6;UBIGEO "UBIGEO" true true false 255 Text 0 0,First,#,ViasCentro_Malla_Vial_ICA,UBIGEO,0,255;nombdist "nombdist" true true false 255 Text 0 0,First,#,ViasCentro_Malla_Vial_ICA,nombdist,0,255;nombprov "nombprov" true true false 255 Text 0 0,First,#,ViasCentro_Malla_Vial_ICA,nombprov,0,255;nombdep "nombdep" true true false 255 Text 0 0,First,#,ViasCentro_Malla_Vial_ICA,nombdep,0,255;NOM_VIA_C "NOM_VIA_C" true true false 50 Text 0 0,First,#,ViasCentro_Malla_Vial_ICA,NOM_VIA_C,0,50;NOM_ALT_C "NOM_ALT_C" true true false 50 Text 0 0,First,#,ViasCentro_Malla_Vial_ICA,NOM_ALT_C,0,50;NOMBRETENTATIVO "NOMBRETENTATIVO" true true false 512 Text 0 0,First,#,ViasCentro_Malla_Vial_ICA,NOMBRETENTATIVO,0,512;Shape_Length "Shape_Length" false true true 8 Double 0 0,First,#,ViasCentro_Malla_Vial_ICA,Shape_Length,-1,-1;Join_Count "Join_Count" true true false 4 Long 0 0,First,#,Vias_Centros_ICA_SpatialJoin,Join_Count,-1,-1;TARGET_FID "TARGET_FID" true true false 4 Long 0 0,First,#,Vias_Centros_ICA_SpatialJoin,TARGET_FID,-1,-1;TARGET_FID_1 "TARGET_FID" true true false 4 Long 0 0,First,#,Vias_Centros_ICA_SpatialJoin,TARGET_FID_1,-1,-1;code "code" true true false 2 Short 0 0,First,#,Vias_Centros_ICA_SpatialJoin,code,-1,-1;fclass "fclass" true true false 28 Text 0 0,First,#,Vias_Centros_ICA_SpatialJoin,fclass,0,28;name "name" true true false 100 Text 0 0,First,#,Vias_Centros_ICA_SpatialJoin,name,0,100;ref "ref" true true false 20 Text 0 0,First,#,Vias_Centros_ICA_SpatialJoin,ref,0,20;cCodRuta "cCodRuta" true true false 254 Text 0 0,First,#,Vias_Centros_ICA_SpatialJoin,cCodRuta,0,254;TEXTOVIAL "TEXTOVIAL" true true false 100 Text 0 0,First,#,Vias_Centros_ICA_SpatialJoin,TEXTOVIAL,0,100;CODIGOVIA "CODIGOVIA" true true false 10 Text 0 0,First,#,Vias_Centros_ICA_SpatialJoin,CODIGOVIA,0,10;NOMBREVIA "NOMBREVIA" true true false 100 Text 0 0,First,#,Vias_Centros_ICA_SpatialJoin,NOMBREVIA,0,100;TIPOVIA "TIPOVIA" true true false 4 Long 0 0,First,#,Vias_Centros_ICA_SpatialJoin,TIPOVIA,-1,-1;UBIGEODERECHA "UBIGEODERECHA" true true false 6 Text 0 0,First,#,Vias_Centros_ICA_SpatialJoin,UBIGEODERECHA,0,6;UBIGEOIZQUIERDA "UBIGEOIZQUIERDA" true true false 6 Text 0 0,First,#,Vias_Centros_ICA_SpatialJoin,UBIGEOIZQUIERDA,0,6;UBIGEO "UBIGEO" true true false 255 Text 0 0,First,#,Vias_Centros_ICA_SpatialJoin,UBIGEO,0,255;nombdist "nombdist" true true false 255 Text 0 0,First,#,Vias_Centros_ICA_SpatialJoin,nombdist,0,255;nombprov "nombprov" true true false 255 Text 0 0,First,#,Vias_Centros_ICA_SpatialJoin,nombprov,0,255;nombdep "nombdep" true true false 255 Text 0 0,First,#,Vias_Centros_ICA_SpatialJoin,nombdep,0,255;ClaseVia "ClaseVia" true true false 100 Text 0 0,First,#,Vias_Centros_ICA_SpatialJoin,ClaseVia,0,100;TAG "TAG" true true false 15 Text 0 0,First,#,Vias_Centros_ICA_SpatialJoin,TAG,0,15;Cruzado "Cruzado" true true false 2 Short 0 0,First,#,Vias_Centros_ICA_SpatialJoin,Cruzado,-1,-1;OBJECTID_1 "OBJECTID" true true false 4 Long 0 0,First,#,Vias_Centros_ICA_SpatialJoin,OBJECTID_1,-1,-1;DEPARTAMEN "DEPARTAMEN" true true false 2 Text 0 0,First,#,Vias_Centros_ICA_SpatialJoin,DEPARTAMEN,0,2;CODIGOMANZ "CODIGOMANZ" true true false 4 Text 0 0,First,#,Vias_Centros_ICA_SpatialJoin,CODIGOMANZ,0,4;CODIGOPRED "CODIGOPRED" true true false 3 Text 0 0,First,#,Vias_Centros_ICA_SpatialJoin,CODIGOPRED,0,3;UBIGEO_1 "UBIGEO" true true false 18 Text 0 0,First,#,Vias_Centros_ICA_SpatialJoin,UBIGEO_1,0,18;LADOMANZAN "LADOMANZAN" true true false 1 Text 0 0,First,#,Vias_Centros_ICA_SpatialJoin,LADOMANZAN,0,1;CODIGOZONA "CODIGOZONA" true true false 5 Text 0 0,First,#,Vias_Centros_ICA_SpatialJoin,CODIGOZONA,0,5;TAG_1 "TAG" true true false 15 Text 0 0,First,#,Vias_Centros_ICA_SpatialJoin,TAG_1,0,15;UBICA "UBICA" true true false 50 Text 0 0,First,#,Vias_Centros_ICA_SpatialJoin,UBICA,0,50;FUENTE "FUENTE" true true false 50 Text 0 0,First,#,Vias_Centros_ICA_SpatialJoin,FUENTE,0,50;DISTRITO "DISTRITO" true true false 6 Text 0 0,First,#,Vias_Centros_ICA_SpatialJoin,DISTRITO,0,6;PROVINCIA "PROVINCIA" true true false 4 Text 0 0,First,#,Vias_Centros_ICA_SpatialJoin,PROVINCIA,0,4;SECTOR "SECTOR" true true false 10 Text 0 0,First,#,Vias_Centros_ICA_SpatialJoin,SECTOR,0,10;SECTORCOME "SECTORCOME" true true false 10 Text 0 0,First,#,Vias_Centros_ICA_SpatialJoin,SECTORCOME,0,10;ESTADORED "ESTADORED" true true false 100 Text 0 0,First,#,Vias_Centros_ICA_SpatialJoin,ESTADORED,0,100;ORDENRUTA "ORDENRUTA" true true false 4 Long 0 0,First,#,Vias_Centros_ICA_SpatialJoin,ORDENRUTA,-1,-1;ESTRATIFIC "ESTRATIFIC" true true false 2 Text 0 0,First,#,Vias_Centros_ICA_SpatialJoin,ESTRATIFIC,0,2;APTITUD_PR "APTITUD_PR" true true false 100 Text 0 0,First,#,Vias_Centros_ICA_SpatialJoin,APTITUD_PR,0,100;COORD_LATI "COORD_LATI" true true false 50 Text 0 0,First,#,Vias_Centros_ICA_SpatialJoin,COORD_LATI,0,50;COORD_LONG "COORD_LONG" true true false 50 Text 0 0,First,#,Vias_Centros_ICA_SpatialJoin,COORD_LONG,0,50;ZONAGASIFI "ZONAGASIFI" true true false 100 Text 0 0,First,#,Vias_Centros_ICA_SpatialJoin,ZONAGASIFI,0,100;FECHA_GASI "FECHA_GASI" true true false 8 Date 0 0,First,#,Vias_Centros_ICA_SpatialJoin,FECHA_GASI,-1,-1;TAG_PROYEC "TAG_PROYEC" true true false 50 Text 0 0,First,#,Vias_Centros_ICA_SpatialJoin,TAG_PROYEC,0,50;EST_2018 "EST_2018" true true false 2 Text 0 0,First,#,Vias_Centros_ICA_SpatialJoin,EST_2018,0,2;LOCALIDAD "LOCALIDAD" true true false 4 Long 0 0,First,#,Vias_Centros_ICA_SpatialJoin,LOCALIDAD,-1,-1;SECTOR_MAN "SECTOR_MAN" true true false 10 Text 0 0,First,#,Vias_Centros_ICA_SpatialJoin,SECTOR_MAN,0,10;CICLOFACTU "CICLOFACTU" true true false 30 Text 0 0,First,#,Vias_Centros_ICA_SpatialJoin,CICLOFACTU,0,30;ZONAFACTUR "ZONAFACTUR" true true false 30 Text 0 0,First,#,Vias_Centros_ICA_SpatialJoin,ZONAFACTUR,0,30;ESTRATO_IN "ESTRATO_IN" true true false 15 Text 0 0,First,#,Vias_Centros_ICA_SpatialJoin,ESTRATO_IN,0,15;FECHA "FECHA" true true false 8 Date 0 0,First,#,Vias_Centros_ICA_SpatialJoin,FECHA,-1,-1;Shape_Length_1 "Shape_Length" true true false 8 Double 0 0,First,#,Vias_Centros_ICA_SpatialJoin,Shape_Length_1,-1,-1;Shape_Length "Shape_Length" false true true 8 Double 0 0,First,#,Vias_Centros_ICA_SpatialJoin,Shape_Length,-1,-1" "Are identical to" # #</Process><Process ToolSource="c:\users\javier echavez\appdata\local\programs\arcgis\pro\Resources\ArcToolbox\toolboxes\Data Management Tools.tbx\DeleteField" Date="20211007" Time="122128">DeleteField ViasCentro_Malla_Vial_ICA_1 CICLOFACTU;ZONAFACTUR;ESTRATO_IN;FECHA;Shape_Length_1;Shape_Length_12</Process><Process ToolSource="c:\users\javier echavez\appdata\local\programs\arcgis\pro\Resources\ArcToolbox\toolboxes\Data Management Tools.tbx\DeleteField" Date="20211007" Time="122141">DeleteField ViasCentro_Malla_Vial_ICA_1 COORD_LONG;ZONAGASIFI;FECHA_GASI;TAG_PROYEC;EST_2018;LOCALIDAD;SECTOR_MAN</Process><Process ToolSource="c:\users\javier echavez\appdata\local\programs\arcgis\pro\Resources\ArcToolbox\toolboxes\Data Management Tools.tbx\DeleteField" Date="20211007" Time="122153">DeleteField ViasCentro_Malla_Vial_ICA_1 SECTOR;SECTORCOME;ESTADORED;ORDENRUTA;ESTRATIFIC;APTITUD_PR;COORD_LATI</Process><Process ToolSource="c:\users\javier echavez\appdata\local\programs\arcgis\pro\Resources\ArcToolbox\toolboxes\Data Management Tools.tbx\DeleteField" Date="20211007" Time="122205">DeleteField ViasCentro_Malla_Vial_ICA_1 UBICA;FUENTE;DISTRITO;PROVINCIA</Process><Process ToolSource="c:\users\javier echavez\appdata\local\programs\arcgis\pro\Resources\ArcToolbox\toolboxes\Data Management Tools.tbx\DeleteField" Date="20211007" Time="122221">DeleteField ViasCentro_Malla_Vial_ICA_1 CODIGOPRED;UBIGEO_12;CODIGOZONA;TAG_1</Process><Process ToolSource="c:\users\javier echavez\appdata\local\programs\arcgis\pro\Resources\ArcToolbox\toolboxes\Data Management Tools.tbx\DeleteField" Date="20211007" Time="122236">DeleteField ViasCentro_Malla_Vial_ICA_1 OBJECTID_1;DEPARTAMEN</Process><Process ToolSource="c:\users\javier echavez\appdata\local\programs\arcgis\pro\Resources\ArcToolbox\toolboxes\Data Management Tools.tbx\DeleteField" Date="20211007" Time="122307">DeleteField ViasCentro_Malla_Vial_ICA_1 Join_Count_1;TARGET_FID_1;TARGET_FID_12;code_1;fclass_1;name_1;ref_1</Process><Process ToolSource="c:\users\javier echavez\appdata\local\programs\arcgis\pro\Resources\ArcToolbox\toolboxes\Data Management Tools.tbx\DeleteField" Date="20211007" Time="122318">DeleteField ViasCentro_Malla_Vial_ICA_1 cCodRuta_1;TEXTOVIAL_1;CODIGOVIA_1;NOMBREVIA_1;TIPOVIA_1;UBIGEODERECHA_1;UBIGEOIZQUIERDA_1</Process><Process ToolSource="c:\users\javier echavez\appdata\local\programs\arcgis\pro\Resources\ArcToolbox\toolboxes\Data Management Tools.tbx\DeleteField" Date="20211007" Time="122358">DeleteField ViasCentro_Malla_Vial_ICA_1 UBIGEO_1;nombdist_1;nombprov_1;nombdep_1</Process><Process ToolSource="c:\users\javier echavez\appdata\local\programs\arcgis\pro\Resources\ArcToolbox\toolboxes\Data Management Tools.tbx\DeleteField" Date="20211007" Time="135259">DeleteField ViasCentro_Malla_Vial_ICA_1 TAG;Cruzado;CODIGOMANZ;LADOMANZAN</Process><Process ToolSource="c:\users\javier echavez\appdata\local\programs\arcgis\pro\Resources\ArcToolbox\toolboxes\Analysis Tools.tbx\SpatialJoin" Date="20211007" Time="142630">SpatialJoin ViasCentro_Malla_Vial_ICA_1 MID_ViasCentro_Malla_Vial_ICA "C:\Users\Javier Echavez\Documents\ArcGIS\Projects\BACKUP_CONTUGAS 27-09-2021\BACKUP_CONTUGAS_27-09-2021.gdb\VCentros_Malla_Vial_ICA" "Join one to one" KEEP_ALL "code "code" true true false 2 Short 0 0,First,#,ViasCentro_Malla_Vial_ICA_1,code,-1,-1;fclass "fclass" true true false 28 Text 0 0,First,#,ViasCentro_Malla_Vial_ICA_1,fclass,0,28;name "name" true true false 100 Text 0 0,First,#,ViasCentro_Malla_Vial_ICA_1,name,0,100;ref "ref" true true false 20 Text 0 0,First,#,ViasCentro_Malla_Vial_ICA_1,ref,0,20;cCodRuta "cCodRuta" true true false 254 Text 0 0,First,#,ViasCentro_Malla_Vial_ICA_1,cCodRuta,0,254;TEXTOVIAL "TEXTOVIAL" true true false 100 Text 0 0,First,#,ViasCentro_Malla_Vial_ICA_1,TEXTOVIAL,0,100;CODIGOVIA "CODIGOVIA" true true false 10 Text 0 0,First,#,ViasCentro_Malla_Vial_ICA_1,CODIGOVIA,0,10;NOMBREVIA "NOMBREVIA" true true false 100 Text 0 0,First,#,ViasCentro_Malla_Vial_ICA_1,NOMBREVIA,0,100;TIPOVIA "TIPOVIA" true true false 4 Long 0 0,First,#,ViasCentro_Malla_Vial_ICA_1,TIPOVIA,-1,-1;UBIGEODERECHA "UBIGEODERECHA" true true false 6 Text 0 0,First,#,ViasCentro_Malla_Vial_ICA_1,UBIGEODERECHA,0,6;UBIGEOIZQUIERDA "UBIGEOIZQUIERDA" true true false 6 Text 0 0,First,#,ViasCentro_Malla_Vial_ICA_1,UBIGEOIZQUIERDA,0,6;UBIGEO "UBIGEO" true true false 255 Text 0 0,First,#,ViasCentro_Malla_Vial_ICA_1,UBIGEO,0,255;nombdist "nombdist" true true false 255 Text 0 0,First,#,ViasCentro_Malla_Vial_ICA_1,nombdist,0,255;nombprov "nombprov" true true false 255 Text 0 0,First,#,ViasCentro_Malla_Vial_ICA_1,nombprov,0,255;nombdep "nombdep" true true false 255 Text 0 0,First,#,ViasCentro_Malla_Vial_ICA_1,nombdep,0,255;NOM_VIA_C "NOM_VIA_C" true true false 50 Text 0 0,First,#,ViasCentro_Malla_Vial_ICA_1,NOM_VIA_C,0,50;NOM_ALT_C "NOM_ALT_C" true true false 50 Text 0 0,First,#,ViasCentro_Malla_Vial_ICA_1,NOM_ALT_C,0,50;NOMBRETENTATIVO "NOMBRETENTATIVO" true true false 512 Text 0 0,First,#,ViasCentro_Malla_Vial_ICA_1,NOMBRETENTATIVO,0,512;ClaseVia "ClaseVia" true true false 100 Text 0 0,First,#,ViasCentro_Malla_Vial_ICA_1,ClaseVia,0,100;DISTANCIAPREDIO "DISTANCIAPREDIO" true true false 8 Double 0 0,First,#,MID_ViasCentro_Malla_Vial_ICA,DISTANCIAPREDIO,-1,-1;CODIGOMANZ "CODIGOMANZ" true true false 4 Text 0 0,First,#,MID_ViasCentro_Malla_Vial_ICA,CODIGOMANZ,0,4;LADOMANZAN "LADOMANZAN" true true false 1 Text 0 0,First,#,MID_ViasCentro_Malla_Vial_ICA,LADOMANZAN,0,1;TAG "TAG" true true false 15 Text 0 0,First,#,MID_ViasCentro_Malla_Vial_ICA,TAG,0,15" "Have their center in" # #</Process><Process ToolSource="c:\users\javier echavez\appdata\local\programs\arcgis\pro\Resources\ArcToolbox\toolboxes\Data Management Tools.tbx\DeleteField" Date="20211007" Time="142734">DeleteField VCentros_Malla_Vial_ICA Join_Count;TARGET_FID</Process><Process ToolSource="c:\users\javier echavez\appdata\local\programs\arcgis\pro\Resources\ArcToolbox\toolboxes\Data Management Tools.tbx\AddRelate" Date="20211007" Time="150005">AddRelate VCentros_Malla_Vial_ICA OBJECTID MID_Malla_Vial_ICA_2 IN_FID RelateVias "One to many"</Process><Process ToolSource="c:\users\javier echavez\appdata\local\programs\arcgis\pro\Resources\ArcToolbox\toolboxes\Data Management Tools.tbx\Dissolve" Date="20211007" Time="151629">Dissolve VCentros_Malla_Vial_ICA "C:\Users\Javier Echavez\Documents\ArcGIS\Projects\BACKUP_CONTUGAS 27-09-2021\BACKUP_CONTUGAS_27-09-2021.gdb\VCentros_Malla_Vial_ICA_Diss" NOMBRETENTATIVO # MULTI_PART UNSPLIT_LINES</Process><Process ToolSource="c:\users\javier echavez\appdata\local\programs\arcgis\pro\Resources\ArcToolbox\toolboxes\Data Management Tools.tbx\FeatureToLine" Date="20211007" Time="152426">FeatureToLine VCentros_Malla_Vial_ICA_Diss "C:\Users\Javier Echavez\Documents\ArcGIS\Projects\BACKUP_CONTUGAS 27-09-2021\BACKUP_CONTUGAS_27-09-2021.gdb\VCentros_Malla_Vial_ICA_Diss3" # ATTRIBUTES</Process><Process ToolSource="c:\users\javier echavez\appdata\local\programs\arcgis\pro\Resources\ArcToolbox\toolboxes\Data Management Tools.tbx\DeleteField" Date="20211007" Time="153420">DeleteField VCentros_Malla_Vial_ICA_Diss3 FID_VCentros_Malla_Vial_ICA_Diss</Process><Process ToolSource="c:\users\javier echavez\appdata\local\programs\arcgis\pro\Resources\ArcToolbox\toolboxes\Analysis Tools.tbx\SpatialJoin" Date="20211007" Time="154536">SpatialJoin VCentros_Malla_Vial_ICA_Diss3 MIDVCentros_Malla_Vial_ICA_S1 "C:\Users\Javier Echavez\Documents\ArcGIS\Projects\BACKUP_CONTUGAS 27-09-2021\BACKUP_CONTUGAS_27-09-2021.gdb\VCentros_Malla_Vial_ICA" "Join one to one" KEEP_ALL "NOMBRETENTATIVO "NOMBRETENTATIVO" true true false 512 Text 0 0,First,#,VCentros_Malla_Vial_ICA_Diss3,NOMBRETENTATIVO,0,512;DISTANCIAPREDIO "DISTANCIAPREDIO" true true false 8 Double 0 0,First,#,MIDVCentros_Malla_Vial_ICA_S1,DISTANCIAPREDIO,-1,-1;TARGET_FID "TARGET_FID" true true false 4 Long 0 0,First,#,MIDVCentros_Malla_Vial_ICA_S1,TARGET_FID,-1,-1;TARGET_FID_1 "TARGET_FID" true true false 4 Long 0 0,First,#,MIDVCentros_Malla_Vial_ICA_S1,TARGET_FID_1,-1,-1;NOMBRETENTATIVO_1 "NOMBRETENTATIVO" true true false 512 Text 0 0,First,#,MIDVCentros_Malla_Vial_ICA_S1,NOMBRETENTATIVO,0,512;code "code" true true false 2 Short 0 0,First,#,MIDVCentros_Malla_Vial_ICA_S1,code,-1,-1;fclass "fclass" true true false 28 Text 0 0,First,#,MIDVCentros_Malla_Vial_ICA_S1,fclass,0,28;name "name" true true false 100 Text 0 0,First,#,MIDVCentros_Malla_Vial_ICA_S1,name,0,100;ref "ref" true true false 20 Text 0 0,First,#,MIDVCentros_Malla_Vial_ICA_S1,ref,0,20;cCodRuta "cCodRuta" true true false 254 Text 0 0,First,#,MIDVCentros_Malla_Vial_ICA_S1,cCodRuta,0,254;TEXTOVIAL "TEXTOVIAL" true true false 100 Text 0 0,First,#,MIDVCentros_Malla_Vial_ICA_S1,TEXTOVIAL,0,100;CODIGOVIA "CODIGOVIA" true true false 10 Text 0 0,First,#,MIDVCentros_Malla_Vial_ICA_S1,CODIGOVIA,0,10;NOMBREVIA "NOMBREVIA" true true false 100 Text 0 0,First,#,MIDVCentros_Malla_Vial_ICA_S1,NOMBREVIA,0,100;TIPOVIA "TIPOVIA" true true false 4 Long 0 0,First,#,MIDVCentros_Malla_Vial_ICA_S1,TIPOVIA,-1,-1;UBIGEODERECHA "UBIGEODERECHA" true true false 6 Text 0 0,First,#,MIDVCentros_Malla_Vial_ICA_S1,UBIGEODERECHA,0,6;UBIGEOIZQUIERDA "UBIGEOIZQUIERDA" true true false 6 Text 0 0,First,#,MIDVCentros_Malla_Vial_ICA_S1,UBIGEOIZQUIERDA,0,6;UBIGEO "UBIGEO" true true false 255 Text 0 0,First,#,MIDVCentros_Malla_Vial_ICA_S1,UBIGEO,0,255;nombdist "nombdist" true true false 255 Text 0 0,First,#,MIDVCentros_Malla_Vial_ICA_S1,nombdist,0,255;nombprov "nombprov" true true false 255 Text 0 0,First,#,MIDVCentros_Malla_Vial_ICA_S1,nombprov,0,255;nombdep "nombdep" true true false 255 Text 0 0,First,#,MIDVCentros_Malla_Vial_ICA_S1,nombdep,0,255;NOM_VIA_C "NOM_VIA_C" true true false 50 Text 0 0,First,#,MIDVCentros_Malla_Vial_ICA_S1,NOM_VIA_C,0,50;NOM_ALT_C "NOM_ALT_C" true true false 50 Text 0 0,First,#,MIDVCentros_Malla_Vial_ICA_S1,NOM_ALT_C,0,50;NOMBRETENTATIVO_12 "NOMBRETENTATIVO" true true false 512 Text 0 0,First,#,MIDVCentros_Malla_Vial_ICA_S1,NOMBRETENTATIVO_1,0,512;ClaseVia "ClaseVia" true true false 100 Text 0 0,First,#,MIDVCentros_Malla_Vial_ICA_S1,ClaseVia,0,100;LADOMANZAN "LADOMANZAN" true true false 1 Text 0 0,First,#,MIDVCentros_Malla_Vial_ICA_S1,LADOMANZAN,0,1;PROVINCIA "PROVINCIA" true true false 4 Text 0 0,First,#,MIDVCentros_Malla_Vial_ICA_S1,PROVINCIA,0,4;DISTRITO "DISTRITO" true true false 6 Text 0 0,First,#,MIDVCentros_Malla_Vial_ICA_S1,DISTRITO,0,6;CODIGOMANZ "CODIGOMANZ" true true false 4 Text 0 0,First,#,MIDVCentros_Malla_Vial_ICA_S1,CODIGOMANZ,0,4;CODIGOPRED "CODIGOPRED" true true false 3 Text 0 0,First,#,MIDVCentros_Malla_Vial_ICA_S1,CODIGOPRED,0,3;UBIGEO_1 "UBIGEO" true true false 18 Text 0 0,First,#,MIDVCentros_Malla_Vial_ICA_S1,UBIGEO_1,0,18;TAG "TAG" true true false 15 Text 0 0,First,#,MIDVCentros_Malla_Vial_ICA_S1,TAG,0,15" Contains # #</Process><Process ToolSource="c:\users\javier echavez\appdata\local\programs\arcgis\pro\Resources\ArcToolbox\toolboxes\Data Management Tools.tbx\DeleteField" Date="20211007" Time="154603">DeleteField VCentros_Malla_Vial_ICA Join_Count</Process><Process ToolSource="c:\users\javier echavez\appdata\local\programs\arcgis\pro\Resources\ArcToolbox\toolboxes\Data Management Tools.tbx\DeleteField" Date="20211007" Time="154613">DeleteField VCentros_Malla_Vial_ICA TARGET_FID_1</Process><Process ToolSource="c:\users\javier echavez\appdata\local\programs\arcgis\pro\Resources\ArcToolbox\toolboxes\Data Management Tools.tbx\DeleteField" Date="20211007" Time="154713">DeleteField VCentros_Malla_Vial_ICA TARGET_FID_12</Process><Process ToolSource="c:\users\javier echavez\appdata\local\programs\arcgis\pro\Resources\ArcToolbox\toolboxes\Data Management Tools.tbx\DeleteField" Date="20211007" Time="154720">DeleteField VCentros_Malla_Vial_ICA NOMBRETENTATIVO</Process><Process ToolSource="c:\users\javier echavez\appdata\local\programs\arcgis\pro\Resources\ArcToolbox\toolboxes\Data Management Tools.tbx\DeleteField" Date="20211007" Time="154837">DeleteField VCentros_Malla_Vial_ICA NOMBRETENTATIVO_1</Process><Process ToolSource="c:\users\javier echavez\appdata\local\programs\arcgis\pro\Resources\ArcToolbox\toolboxes\Data Management Tools.tbx\AddRelate" Date="20211007" Time="160948">AddRelate VCentros_Malla_Vial_ICA TAG arcgis_CTG_VW_GIS_CLIENTES TAG Relate1 "One to many"</Process><Process ToolSource="c:\users\javier echavez\appdata\local\programs\arcgis\pro\Resources\ArcToolbox\toolboxes\Data Management Tools.tbx\RemoveRelate" Date="20211007" Time="161030">RemoveRelate VCentros_Malla_Vial_ICA #</Process><Process ToolSource="c:\users\javier echavez\appdata\local\programs\arcgis\pro\Resources\ArcToolbox\toolboxes\Data Management Tools.tbx\AddRelate" Date="20211007" Time="161056">AddRelate VCentros_Malla_Vial_ICA TAG arcgis_CTG_VW_GIS_CLIENTES TAG Relate1 "One to many"</Process><Process ToolSource="c:\users\javier echavez\appdata\local\programs\arcgis\pro\Resources\ArcToolbox\toolboxes\Data Management Tools.tbx\AddRelate" Date="20211007" Time="170316">AddRelate VCentros_Malla_Vial_ICA TAG PREDIOS TAG Relate2 "One to many"</Process><Process ToolSource="c:\users\javier echavez\appdata\local\programs\arcgis\pro\Resources\ArcToolbox\toolboxes\Data Management Tools.tbx\RemoveRelate" Date="20211007" Time="170512">RemoveRelate VCentros_Malla_Vial_ICA Relate1</Process><Process ToolSource="c:\users\javier echavez\appdata\local\programs\arcgis\pro\Resources\ArcToolbox\toolboxes\Conversion Tools.tbx\FeatureClassToFeatureClass" Date="20211008" Time="153153">FeatureClassToFeatureClass "C:\Users\Javier Echavez\Documents\ArcGIS\Projects\BACKUP_CONTUGAS 27-09-2021\BACKUP_CONTUGAS_27-09-2021.gdb\VCentros_Malla_Vial_ICA" "C:\Users\Javier Echavez\Documents\ArcGIS\Projects\BACKUP_CONTUGAS 27-09-2021\shp" VCentros_Malla_Vial_ICA.shp # "TARGET_FID "TARGET_FID" true true false 4 Long 0 0,First,#,C:\Users\Javier Echavez\Documents\ArcGIS\Projects\BACKUP_CONTUGAS 27-09-2021\BACKUP_CONTUGAS_27-09-2021.gdb\VCentros_Malla_Vial_ICA,TARGET_FID,-1,-1;DISTANCIAP "DISTANCIAPREDIO" true true false 8 Double 0 0,First,#,C:\Users\Javier Echavez\Documents\ArcGIS\Projects\BACKUP_CONTUGAS 27-09-2021\BACKUP_CONTUGAS_27-09-2021.gdb\VCentros_Malla_Vial_ICA,DISTANCIAPREDIO,-1,-1;code "code" true true false 2 Short 0 0,First,#,C:\Users\Javier Echavez\Documents\ArcGIS\Projects\BACKUP_CONTUGAS 27-09-2021\BACKUP_CONTUGAS_27-09-2021.gdb\VCentros_Malla_Vial_ICA,code,-1,-1;fclass "fclass" true true false 28 Text 0 0,First,#,C:\Users\Javier Echavez\Documents\ArcGIS\Projects\BACKUP_CONTUGAS 27-09-2021\BACKUP_CONTUGAS_27-09-2021.gdb\VCentros_Malla_Vial_ICA,fclass,0,28;name "name" true true false 100 Text 0 0,First,#,C:\Users\Javier Echavez\Documents\ArcGIS\Projects\BACKUP_CONTUGAS 27-09-2021\BACKUP_CONTUGAS_27-09-2021.gdb\VCentros_Malla_Vial_ICA,name,0,100;ref "ref" true true false 20 Text 0 0,First,#,C:\Users\Javier Echavez\Documents\ArcGIS\Projects\BACKUP_CONTUGAS 27-09-2021\BACKUP_CONTUGAS_27-09-2021.gdb\VCentros_Malla_Vial_ICA,ref,0,20;cCodRuta "cCodRuta" true true false 254 Text 0 0,First,#,C:\Users\Javier Echavez\Documents\ArcGIS\Projects\BACKUP_CONTUGAS 27-09-2021\BACKUP_CONTUGAS_27-09-2021.gdb\VCentros_Malla_Vial_ICA,cCodRuta,0,254;TEXTOVIAL "TEXTOVIAL" true true false 100 Text 0 0,First,#,C:\Users\Javier Echavez\Documents\ArcGIS\Projects\BACKUP_CONTUGAS 27-09-2021\BACKUP_CONTUGAS_27-09-2021.gdb\VCentros_Malla_Vial_ICA,TEXTOVIAL,0,100;CODIGOVIA "CODIGOVIA" true true false 10 Text 0 0,First,#,C:\Users\Javier Echavez\Documents\ArcGIS\Projects\BACKUP_CONTUGAS 27-09-2021\BACKUP_CONTUGAS_27-09-2021.gdb\VCentros_Malla_Vial_ICA,CODIGOVIA,0,10;NOMBREVIA "NOMBREVIA" true true false 100 Text 0 0,First,#,C:\Users\Javier Echavez\Documents\ArcGIS\Projects\BACKUP_CONTUGAS 27-09-2021\BACKUP_CONTUGAS_27-09-2021.gdb\VCentros_Malla_Vial_ICA,NOMBREVIA,0,100;TIPOVIA "TIPOVIA" true true false 4 Long 0 0,First,#,C:\Users\Javier Echavez\Documents\ArcGIS\Projects\BACKUP_CONTUGAS 27-09-2021\BACKUP_CONTUGAS_27-09-2021.gdb\VCentros_Malla_Vial_ICA,TIPOVIA,-1,-1;UBIGEODERE "UBIGEODERECHA" true true false 6 Text 0 0,First,#,C:\Users\Javier Echavez\Documents\ArcGIS\Projects\BACKUP_CONTUGAS 27-09-2021\BACKUP_CONTUGAS_27-09-2021.gdb\VCentros_Malla_Vial_ICA,UBIGEODERECHA,0,6;UBIGEOIZQU "UBIGEOIZQUIERDA" true true false 6 Text 0 0,First,#,C:\Users\Javier Echavez\Documents\ArcGIS\Projects\BACKUP_CONTUGAS 27-09-2021\BACKUP_CONTUGAS_27-09-2021.gdb\VCentros_Malla_Vial_ICA,UBIGEOIZQUIERDA,0,6;UBIGEO "UBIGEO" true true false 255 Text 0 0,First,#,C:\Users\Javier Echavez\Documents\ArcGIS\Projects\BACKUP_CONTUGAS 27-09-2021\BACKUP_CONTUGAS_27-09-2021.gdb\VCentros_Malla_Vial_ICA,UBIGEO,0,255;nombdist "nombdist" true true false 255 Text 0 0,First,#,C:\Users\Javier Echavez\Documents\ArcGIS\Projects\BACKUP_CONTUGAS 27-09-2021\BACKUP_CONTUGAS_27-09-2021.gdb\VCentros_Malla_Vial_ICA,nombdist,0,255;nombprov "nombprov" true true false 255 Text 0 0,First,#,C:\Users\Javier Echavez\Documents\ArcGIS\Projects\BACKUP_CONTUGAS 27-09-2021\BACKUP_CONTUGAS_27-09-2021.gdb\VCentros_Malla_Vial_ICA,nombprov,0,255;nombdep "nombdep" true true false 255 Text 0 0,First,#,C:\Users\Javier Echavez\Documents\ArcGIS\Projects\BACKUP_CONTUGAS 27-09-2021\BACKUP_CONTUGAS_27-09-2021.gdb\VCentros_Malla_Vial_ICA,nombdep,0,255;NOM_VIA_C "NOM_VIA_C" true true false 50 Text 0 0,First,#,C:\Users\Javier Echavez\Documents\ArcGIS\Projects\BACKUP_CONTUGAS 27-09-2021\BACKUP_CONTUGAS_27-09-2021.gdb\VCentros_Malla_Vial_ICA,NOM_VIA_C,0,50;NOM_ALT_C "NOM_ALT_C" true true false 50 Text 0 0,First,#,C:\Users\Javier Echavez\Documents\ArcGIS\Projects\BACKUP_CONTUGAS 27-09-2021\BACKUP_CONTUGAS_27-09-2021.gdb\VCentros_Malla_Vial_ICA,NOM_ALT_C,0,50;NOMBRETENT "NOMBRETENTATIVO" true true false 512 Text 0 0,First,#,C:\Users\Javier Echavez\Documents\ArcGIS\Projects\BACKUP_CONTUGAS 27-09-2021\BACKUP_CONTUGAS_27-09-2021.gdb\VCentros_Malla_Vial_ICA,NOMBRETENTATIVO_12,0,512;ClaseVia "ClaseVia" true true false 100 Text 0 0,First,#,C:\Users\Javier Echavez\Documents\ArcGIS\Projects\BACKUP_CONTUGAS 27-09-2021\BACKUP_CONTUGAS_27-09-2021.gdb\VCentros_Malla_Vial_ICA,ClaseVia,0,100;LADOMANZAN "LADOMANZAN" true true false 1 Text 0 0,First,#,C:\Users\Javier Echavez\Documents\ArcGIS\Projects\BACKUP_CONTUGAS 27-09-2021\BACKUP_CONTUGAS_27-09-2021.gdb\VCentros_Malla_Vial_ICA,LADOMANZAN,0,1;PROVINCIA "PROVINCIA" true true false 4 Text 0 0,First,#,C:\Users\Javier Echavez\Documents\ArcGIS\Projects\BACKUP_CONTUGAS 27-09-2021\BACKUP_CONTUGAS_27-09-2021.gdb\VCentros_Malla_Vial_ICA,PROVINCIA,0,4;DISTRITO "DISTRITO" true true false 6 Text 0 0,First,#,C:\Users\Javier Echavez\Documents\ArcGIS\Projects\BACKUP_CONTUGAS 27-09-2021\BACKUP_CONTUGAS_27-09-2021.gdb\VCentros_Malla_Vial_ICA,DISTRITO,0,6;CODIGOMANZ "CODIGOMANZ" true true false 4 Text 0 0,First,#,C:\Users\Javier Echavez\Documents\ArcGIS\Projects\BACKUP_CONTUGAS 27-09-2021\BACKUP_CONTUGAS_27-09-2021.gdb\VCentros_Malla_Vial_ICA,CODIGOMANZ,0,4;CODIGOPRED "CODIGOPRED" true true false 3 Text 0 0,First,#,C:\Users\Javier Echavez\Documents\ArcGIS\Projects\BACKUP_CONTUGAS 27-09-2021\BACKUP_CONTUGAS_27-09-2021.gdb\VCentros_Malla_Vial_ICA,CODIGOPRED,0,3;UBIGEO_1 "UBIGEO" true true false 18 Text 0 0,First,#,C:\Users\Javier Echavez\Documents\ArcGIS\Projects\BACKUP_CONTUGAS 27-09-2021\BACKUP_CONTUGAS_27-09-2021.gdb\VCentros_Malla_Vial_ICA,UBIGEO_1,0,18;TAG "TAG" true true false 15 Text 0 0,First,#,C:\Users\Javier Echavez\Documents\ArcGIS\Projects\BACKUP_CONTUGAS 27-09-2021\BACKUP_CONTUGAS_27-09-2021.gdb\VCentros_Malla_Vial_ICA,TAG,0,15;Shape_Leng "Shape_Length" false true true 8 Double 0 0,First,#,C:\Users\Javier Echavez\Documents\ArcGIS\Projects\BACKUP_CONTUGAS 27-09-2021\BACKUP_CONTUGAS_27-09-2021.gdb\VCentros_Malla_Vial_ICA,Shape_Length,-1,-1" #</Process></lineage></DataProperties><SyncDate>20211008</SyncDate><SyncTime>15315000</SyncTime><ModDate>20211008</ModDate><ModTime>15315000</ModTime></Esri><dataIdInfo><envirDesc Sync="TRUE">Microsoft Windows 10 Version 10.0 (Build 19042) ; Esri ArcGIS 12.6.0.24783</envirDesc><dataLang><languageCode value="spa" Sync="TRUE"></languageCode><countryCode value="COL" Sync="TRUE"></countryCode></dataLang><idCitation><resTitle Sync="TRUE">VCentros_Malla_Vial_ICA</resTitle><presForm><PresFormCd value="005" Sync="TRUE"></PresFormCd></presForm></idCitation><spatRpType><SpatRepTypCd value="001" Sync="TRUE"></SpatRepTypCd></spatRpType></dataIdInfo><mdLang><languageCode value="spa" Sync="TRUE"></languageCode><countryCode value="COL" Sync="TRUE"></countryCode></mdLang><distInfo><distFormat><formatName Sync="TRUE">Shapefile</formatName></distFormat><distTranOps><transSize Sync="TRUE">0.000</transSize></distTranOps></distInfo><mdHrLv><ScopeCd value="005" Sync="TRUE"></ScopeCd></mdHrLv><mdHrLvName Sync="TRUE">dataset</mdHrLvName><refSysInfo><RefSystem><refSysID><identCode code="4326" Sync="TRUE"></identCode><idCodeSpace Sync="TRUE">EPSG</idCodeSpace><idVersion Sync="TRUE">6.14(3.0.1)</idVersion></refSysID></RefSystem></refSysInfo><spatRepInfo><VectSpatRep><geometObjs Name="VCentros_Malla_Vial_ICA"><geoObjTyp><GeoObjTypCd value="002" Sync="TRUE"></GeoObjTypCd></geoObjTyp><geoObjCnt Sync="TRUE">0</geoObjCnt></geometObjs><topLvl><TopoLevCd value="001" Sync="TRUE"></TopoLevCd></topLvl></VectSpatRep></spatRepInfo><spdoinfo><ptvctinf><esriterm Name="VCentros_Malla_Vial_ICA"><efeatyp Sync="TRUE">Simple</efeatyp><efeageom code="3" Sync="TRUE"></efeageom><esritopo Sync="TRUE">FALSE</esritopo><efeacnt Sync="TRUE">0</efeacnt><spindex Sync="TRUE">FALSE</spindex><linrefer Sync="TRUE">TRUE</linrefer></esriterm></ptvctinf></spdoinfo><eainfo><detailed Name="VCentros_Malla_Vial_ICA"><enttyp><enttypl Sync="TRUE">VCentros_Malla_Vial_ICA</enttypl><enttypt Sync="TRUE">Feature Class</enttypt><enttypc Sync="TRUE">0</enttypc></enttyp><attr><attrlabl Sync="TRUE">FID</attrlabl><attalias Sync="TRUE">FID</attalias><attrtype Sync="TRUE">OID</attrtype><attwidth Sync="TRUE">4</attwidth><atprecis Sync="TRUE">0</atprecis><attscale Sync="TRUE">0</attscale><attrdef Sync="TRUE">Internal feature number.</attrdef><attrdefs Sync="TRUE">Esri</attrdefs><attrdomv><udom Sync="TRUE">Sequential unique whole numbers that are automatically generated.</udom></attrdomv></attr><attr><attrlabl Sync="TRUE">Shape</attrlabl><attalias Sync="TRUE">Shape</attalias><attrtype Sync="TRUE">Geometry</attrtype><attwidth Sync="TRUE">0</attwidth><atprecis Sync="TRUE">0</atprecis><attscale Sync="TRUE">0</attscale><attrdef Sync="TRUE">Feature geometry.</attrdef><attrdefs Sync="TRUE">Esri</attrdefs><attrdomv><udom Sync="TRUE">Coordinates defining the features.</udom></attrdomv></attr><attr><attrlabl Sync="TRUE">TARGET_FID</attrlabl><attalias Sync="TRUE">TARGET_FID</attalias><attrtype Sync="TRUE">Integer</attrtype><attwidth Sync="TRUE">10</attwidth><atprecis Sync="TRUE">10</atprecis><attscale Sync="TRUE">0</attscale></attr><attr><attrlabl Sync="TRUE">DISTANCIAP</attrlabl><attalias Sync="TRUE">DISTANCIAP</attalias><attrtype Sync="TRUE">Double</attrtype><attwidth Sync="TRUE">19</attwidth><atprecis Sync="TRUE">0</atprecis><attscale Sync="TRUE">0</attscale></attr><attr><attrlabl Sync="TRUE">code</attrlabl><attalias Sync="TRUE">code</attalias><attrtype Sync="TRUE">Integer</attrtype><attwidth Sync="TRUE">5</attwidth><atprecis Sync="TRUE">5</atprecis><attscale Sync="TRUE">0</attscale></attr><attr><attrlabl Sync="TRUE">fclass</attrlabl><attalias Sync="TRUE">fclass</attalias><attrtype Sync="TRUE">String</attrtype><attwidth Sync="TRUE">28</attwidth><atprecis Sync="TRUE">0</atprecis><attscale Sync="TRUE">0</attscale></attr><attr><attrlabl Sync="TRUE">name</attrlabl><attalias Sync="TRUE">name</attalias><attrtype Sync="TRUE">String</attrtype><attwidth Sync="TRUE">100</attwidth><atprecis Sync="TRUE">0</atprecis><attscale Sync="TRUE">0</attscale></attr><attr><attrlabl Sync="TRUE">ref</attrlabl><attalias Sync="TRUE">ref</attalias><attrtype Sync="TRUE">String</attrtype><attwidth Sync="TRUE">20</attwidth><atprecis Sync="TRUE">0</atprecis><attscale Sync="TRUE">0</attscale></attr><attr><attrlabl Sync="TRUE">cCodRuta</attrlabl><attalias Sync="TRUE">cCodRuta</attalias><attrtype Sync="TRUE">String</attrtype><attwidth Sync="TRUE">254</attwidth><atprecis Sync="TRUE">0</atprecis><attscale Sync="TRUE">0</attscale></attr><attr><attrlabl Sync="TRUE">TEXTOVIAL</attrlabl><attalias Sync="TRUE">TEXTOVIAL</attalias><attrtype Sync="TRUE">String</attrtype><attwidth Sync="TRUE">100</attwidth><atprecis Sync="TRUE">0</atprecis><attscale Sync="TRUE">0</attscale></attr><attr><attrlabl Sync="TRUE">CODIGOVIA</attrlabl><attalias Sync="TRUE">CODIGOVIA</attalias><attrtype Sync="TRUE">String</attrtype><attwidth Sync="TRUE">10</attwidth><atprecis Sync="TRUE">0</atprecis><attscale Sync="TRUE">0</attscale></attr><attr><attrlabl Sync="TRUE">NOMBREVIA</attrlabl><attalias Sync="TRUE">NOMBREVIA</attalias><attrtype Sync="TRUE">String</attrtype><attwidth Sync="TRUE">100</attwidth><atprecis Sync="TRUE">0</atprecis><attscale Sync="TRUE">0</attscale></attr><attr><attrlabl Sync="TRUE">TIPOVIA</attrlabl><attalias Sync="TRUE">TIPOVIA</attalias><attrtype Sync="TRUE">Integer</attrtype><attwidth Sync="TRUE">10</attwidth><atprecis Sync="TRUE">10</atprecis><attscale Sync="TRUE">0</attscale></attr><attr><attrlabl Sync="TRUE">UBIGEODERE</attrlabl><attalias Sync="TRUE">UBIGEODERE</attalias><attrtype Sync="TRUE">String</attrtype><attwidth Sync="TRUE">6</attwidth><atprecis Sync="TRUE">0</atprecis><attscale Sync="TRUE">0</attscale></attr><attr><attrlabl Sync="TRUE">UBIGEOIZQU</attrlabl><attalias Sync="TRUE">UBIGEOIZQU</attalias><attrtype Sync="TRUE">String</attrtype><attwidth Sync="TRUE">6</attwidth><atprecis Sync="TRUE">0</atprecis><attscale Sync="TRUE">0</attscale></attr><attr><attrlabl Sync="TRUE">UBIGEO</attrlabl><attalias Sync="TRUE">UBIGEO</attalias><attrtype Sync="TRUE">String</attrtype><attwidth Sync="TRUE">254</attwidth><atprecis Sync="TRUE">0</atprecis><attscale Sync="TRUE">0</attscale></attr><attr><attrlabl Sync="TRUE">nombdist</attrlabl><attalias Sync="TRUE">nombdist</attalias><attrtype Sync="TRUE">String</attrtype><attwidth Sync="TRUE">254</attwidth><atprecis Sync="TRUE">0</atprecis><attscale Sync="TRUE">0</attscale></attr><attr><attrlabl Sync="TRUE">nombprov</attrlabl><attalias Sync="TRUE">nombprov</attalias><attrtype Sync="TRUE">String</attrtype><attwidth Sync="TRUE">254</attwidth><atprecis Sync="TRUE">0</atprecis><attscale Sync="TRUE">0</attscale></attr><attr><attrlabl Sync="TRUE">nombdep</attrlabl><attalias Sync="TRUE">nombdep</attalias><attrtype Sync="TRUE">String</attrtype><attwidth Sync="TRUE">254</attwidth><atprecis Sync="TRUE">0</atprecis><attscale Sync="TRUE">0</attscale></attr><attr><attrlabl Sync="TRUE">NOM_VIA_C</attrlabl><attalias Sync="TRUE">NOM_VIA_C</attalias><attrtype Sync="TRUE">String</attrtype><attwidth Sync="TRUE">50</attwidth><atprecis Sync="TRUE">0</atprecis><attscale Sync="TRUE">0</attscale></attr><attr><attrlabl Sync="TRUE">NOM_ALT_C</attrlabl><attalias Sync="TRUE">NOM_ALT_C</attalias><attrtype Sync="TRUE">String</attrtype><attwidth Sync="TRUE">50</attwidth><atprecis Sync="TRUE">0</atprecis><attscale Sync="TRUE">0</attscale></attr><attr><attrlabl Sync="TRUE">NOMBRETENT</attrlabl><attalias Sync="TRUE">NOMBRETENT</attalias><attrtype Sync="TRUE">String</attrtype><attwidth Sync="TRUE">254</attwidth><atprecis Sync="TRUE">0</atprecis><attscale Sync="TRUE">0</attscale></attr><attr><attrlabl Sync="TRUE">ClaseVia</attrlabl><attalias Sync="TRUE">ClaseVia</attalias><attrtype Sync="TRUE">String</attrtype><attwidth Sync="TRUE">100</attwidth><atprecis Sync="TRUE">0</atprecis><attscale Sync="TRUE">0</attscale></attr><attr><attrlabl Sync="TRUE">LADOMANZAN</attrlabl><attalias Sync="TRUE">LADOMANZAN</attalias><attrtype Sync="TRUE">String</attrtype><attwidth Sync="TRUE">1</attwidth><atprecis Sync="TRUE">0</atprecis><attscale Sync="TRUE">0</attscale></attr><attr><attrlabl Sync="TRUE">PROVINCIA</attrlabl><attalias Sync="TRUE">PROVINCIA</attalias><attrtype Sync="TRUE">String</attrtype><attwidth Sync="TRUE">4</attwidth><atprecis Sync="TRUE">0</atprecis><attscale Sync="TRUE">0</attscale></attr><attr><attrlabl Sync="TRUE">DISTRITO</attrlabl><attalias Sync="TRUE">DISTRITO</attalias><attrtype Sync="TRUE">String</attrtype><attwidth Sync="TRUE">6</attwidth><atprecis Sync="TRUE">0</atprecis><attscale Sync="TRUE">0</attscale></attr><attr><attrlabl Sync="TRUE">CODIGOMANZ</attrlabl><attalias Sync="TRUE">CODIGOMANZ</attalias><attrtype Sync="TRUE">String</attrtype><attwidth Sync="TRUE">4</attwidth><atprecis Sync="TRUE">0</atprecis><attscale Sync="TRUE">0</attscale></attr><attr><attrlabl Sync="TRUE">CODIGOPRED</attrlabl><attalias Sync="TRUE">CODIGOPRED</attalias><attrtype Sync="TRUE">String</attrtype><attwidth Sync="TRUE">3</attwidth><atprecis Sync="TRUE">0</atprecis><attscale Sync="TRUE">0</attscale></attr><attr><attrlabl Sync="TRUE">UBIGEO_1</attrlabl><attalias Sync="TRUE">UBIGEO_1</attalias><attrtype Sync="TRUE">String</attrtype><attwidth Sync="TRUE">18</attwidth><atprecis Sync="TRUE">0</atprecis><attscale Sync="TRUE">0</attscale></attr><attr><attrlabl Sync="TRUE">TAG</attrlabl><attalias Sync="TRUE">TAG</attalias><attrtype Sync="TRUE">String</attrtype><attwidth Sync="TRUE">15</attwidth><atprecis Sync="TRUE">0</atprecis><attscale Sync="TRUE">0</attscale></attr><attr><attrlabl Sync="TRUE">Shape_Leng</attrlabl><attalias Sync="TRUE">Shape_Leng</attalias><attrtype Sync="TRUE">Double</attrtype><attwidth Sync="TRUE">19</attwidth><atprecis Sync="TRUE">0</atprecis><attscale Sync="TRUE">0</attscale></attr></detailed></eainfo><mdDateSt Sync="TRUE">20211008</mdDateSt></metadata>
